{
  "linux/app/aiserver": 0.026039056479930878,
  "linux/app/QLauncher": 0.025564804673194885,
  "linux/app/multivideoplayer": 0.03109900653362274,
  "linux/app/qcamera": 0.028121598064899445,
  "linux/app-new/qfm": 0.0280161052942276,
  "linux/app/qplayer": 0.023905187845230103,
  "linux/app/settings": 0.026265934109687805,
  "linux/buildroot": 0.3194984644651413,
  "linux/device/rockchip": 0.4961506575345993,
  "linux/external/alsa-config": 0.0757630467414856,
  "linux/external/app": 0.22076071053743362,
  "linux/external/avb": 0.040368206799030304,
  "linux/external/bluez-alsa": 0.04353984445333481,
  "linux/external/camera_engine_rkisp": 0.12347500026226044,
  "linux/bsp/docs": 1.1995855569839478,
  "linux/bsp/internal_doc": 1.0198263823986053,
  "linux/external/common_algorithm": 0.15055576711893082,
  "linux/external/chromium": 0.517258308827877,
  "linux/external/eq_drc_process": 0.08275039494037628,
  "linux/gstreamer-rockchip": 0.04001133143901825,
  "linux/external/libglCompositor": 0.045712679624557495,
  "linux/linux-rga": 0.10126031935214996,
  "linux/debian": 1.765273541212082,
  "linux/recovery": 0.04063495993614197,
  "linux/external/rk_pcba_test": 0.06415672600269318,
  "linux/external/rkscript": 0.03632538765668869,
  "linux/external/rktoolkit": 0.03728581964969635,
  "linux/external/rkupdate": 0.04908077418804169,
  "rk/mpp": 0.4902384877204895,
  "linux/external/rkwifibt": 0.17046081274747849,
  "linux/security/bin": 0.0756145715713501,
  "linux/external/deviceio_release": 0.8021787852048874,
  "linux/external/uac_app": 0.15594210475683212,
  "linux/external/update_engine": 0.04100773483514786,
  "linux/rockit": 0.3459830656647682,
  "linux/bsp/external/bluetooth_bsa": 0.06097928434610367,
  "linux/bsp/external/broadcom_bsa": 0.05741161108016968,
  "rk/prebuilts/gcc-buildroot-9.3.0-2020.03-x86_64_aarch64-rockchip-linux-gnu": 0.24248572438955307,
  "android/rk/platform/system/rk_tee_user": 0.5964164808392525,
  "rk/prebuilts/gcc-linaro-6.3.1-2017.05-x86_64_aarch64-linux-gnu": 0.17918194830417633,
  "rk/rkbin": 0.19726290553808212,
  "android/rk/u-boot": 0.8239728435873985,
  "linux/build": 1.8536514416337013,
  "linux/poky": 0.5593330443591844,
  "linux/tools": 1.1078411415219307,
  "linux/yocto/meta-rockchip": 1.7710992991924286,
  "linux/libmali": 5.673542618751526,
  "rk/kernel": 12.339642971754074
}